web-scraper-order,web-scraper-start-url,name,rank
1626184876-292,https://m.douban.com/subject_collection/ECT45OM5A,????????(???),9.3
1626184876-294,https://m.douban.com/subject_collection/ECT45OM5A,???·????????“??”??(?32?),9.3
1626184876-293,https://m.douban.com/subject_collection/ECT45OM5A,???,9.1
1626184876-295,https://m.douban.com/subject_collection/ECT45OM5A,????,9
1626184876-296,https://m.douban.com/subject_collection/ECT45OM5A,???X???,9
1626184876-297,https://m.douban.com/subject_collection/ECT45OM5A,????,8.9
1626184876-299,https://m.douban.com/subject_collection/ECT45OM5A,?????(?),8.9
1626184876-301,https://m.douban.com/subject_collection/ECT45OM5A,????,8.9
1626184876-308,https://m.douban.com/subject_collection/ECT45OM5A,?????,8.9
1626184876-300,https://m.douban.com/subject_collection/ECT45OM5A,????,8.8
1626184876-302,https://m.douban.com/subject_collection/ECT45OM5A,??·????,8.8
1626184876-306,https://m.douban.com/subject_collection/ECT45OM5A,??·??????,8.8
1626184876-307,https://m.douban.com/subject_collection/ECT45OM5A,??,8.8
1626184876-335,https://m.douban.com/subject_collection/ECT45OM5A,?????????,8.8
1626184876-304,https://m.douban.com/subject_collection/ECT45OM5A,??,8.7
1626184876-305,https://m.douban.com/subject_collection/ECT45OM5A,???13???,8.7
1626184876-312,https://m.douban.com/subject_collection/ECT45OM5A,?????,8.7
1626184876-314,https://m.douban.com/subject_collection/ECT45OM5A,???????,8.7
1626184876-318,https://m.douban.com/subject_collection/ECT45OM5A,?????,8.7
1626184876-321,https://m.douban.com/subject_collection/ECT45OM5A,?????,8.7
1626184876-340,https://m.douban.com/subject_collection/ECT45OM5A,?????????,8.7
1626184876-311,https://m.douban.com/subject_collection/ECT45OM5A,?????,8.6
1626184876-315,https://m.douban.com/subject_collection/ECT45OM5A,????(?),8.6
1626184876-320,https://m.douban.com/subject_collection/ECT45OM5A,???·???,8.6
1626184876-322,https://m.douban.com/subject_collection/ECT45OM5A,??????·??,8.6
1626184876-323,https://m.douban.com/subject_collection/ECT45OM5A,????,8.6
1626184876-324,https://m.douban.com/subject_collection/ECT45OM5A,????,8.6
1626184876-329,https://m.douban.com/subject_collection/ECT45OM5A,????,8.6
1626184876-334,https://m.douban.com/subject_collection/ECT45OM5A,???????,8.6
1626184876-298,https://m.douban.com/subject_collection/ECT45OM5A,??????,8.5
1626184876-313,https://m.douban.com/subject_collection/ECT45OM5A,????,8.5
1626184876-317,https://m.douban.com/subject_collection/ECT45OM5A,????,8.5
1626184876-325,https://m.douban.com/subject_collection/ECT45OM5A,??·???????,8.5
1626184876-327,https://m.douban.com/subject_collection/ECT45OM5A,??,8.5
1626184876-328,https://m.douban.com/subject_collection/ECT45OM5A,?????,8.5
1626184876-331,https://m.douban.com/subject_collection/ECT45OM5A,?????,8.5
1626184876-333,https://m.douban.com/subject_collection/ECT45OM5A,??,8.5
1626184876-339,https://m.douban.com/subject_collection/ECT45OM5A,????,8.5
1626184876-309,https://m.douban.com/subject_collection/ECT45OM5A,????(?),8.4
1626184876-326,https://m.douban.com/subject_collection/ECT45OM5A,Y???,8.4
1626184876-330,https://m.douban.com/subject_collection/ECT45OM5A,X???,8.4
1626184876-332,https://m.douban.com/subject_collection/ECT45OM5A,?????,8.4
1626184876-337,https://m.douban.com/subject_collection/ECT45OM5A,?,8.4
1626184876-338,https://m.douban.com/subject_collection/ECT45OM5A,??????,8.4
1626184876-316,https://m.douban.com/subject_collection/ECT45OM5A,??,8.3
1626184876-341,https://m.douban.com/subject_collection/ECT45OM5A,????·????(?),8.3
1626184876-303,https://m.douban.com/subject_collection/ECT45OM5A,???????,8.2
1626184876-310,https://m.douban.com/subject_collection/ECT45OM5A,???,8.2
1626184876-319,https://m.douban.com/subject_collection/ECT45OM5A,GOTH????,8.2
1626184876-336,https://m.douban.com/subject_collection/ECT45OM5A,???(???),8.1
